Codon,alpha,beta,beta-alpha,Posterior Prob Positive Selection,Posterior Prob Negative Selection,Potential Scale Reduction Factor,Effective sample size,Estimated variance of the posterior prob of positive selection,Empirical Bayes Factor
1,0.0010081,0.00147574,0.000467635,0.0596637,0.0395132144106421,0.998530570670199,1411.61103322242,0.0115244851848255,0.394663
2,0.337814,0.0283227,-0.309491,7.02328e-07,0.999994421044634,1.00356936742032,587.209824254737,2.48827360819894e-13,4.36858e-06
3,0.121332,0.0400745,-0.0812579,0.074658,0.824919863516064,1.0075262487861,404.278705451634,0.00222613032247126,0.50185
4,0.38348,0.000840141,-0.38264,5.2269e-12,0.999999999887942,1.00277490640085,646.348499855611,1.66267869226335e-23,3.2512e-11
5,0.464513,0.000700606,-0.463812,4.27347e-15,0.999999999999908,1.00371671152659,577.425088641527,9.61265191031408e-30,2.65816e-14
6,0.170933,0.000630843,-0.170302,3.70219e-08,0.999997907816115,1.0001533096517,970.545561261465,1.18962977361478e-15,2.30281e-07
7,0.574181,0.0231535,-0.551028,1.09035e-07,0.999996067686608,1.00585164598465,465.433450866941,1.10953809489798e-14,6.78211e-07
8,0.825551,0.00222402,-0.823327,6.50479e-13,0.99999999999446,1.00654146978508,438.094586851924,1.12626698706392e-25,4.04607e-12
9,0.336656,0.000522435,-0.336134,3.28935e-11,0.999999998505754,1.00414487488686,550.778826867862,8.59183484408301e-22,2.04602e-10
10,0.269412,0.100315,-0.169097,0.0170499,0.963353655543955,1.00636015487508,444.959088614437,7.55843664186815e-05,0.107892
11,0.308374,0.0258769,-0.282497,1.26832e-06,0.999988824135714,1.00473634357705,517.819390026594,8.85371240178109e-13,7.88916e-06
12,0.425796,0.000347278,-0.425449,9.09889e-16,0.999999999999958,1.00209900230752,707.064773037813,5.75754628279151e-31,5.65963e-15
13,0.35373,0.023502,-0.330228,4.82954e-12,0.999999999839539,1.00589029652603,463.810176936002,1.64561821979488e-23,3.00404e-11
14,0.368851,0.0622094,-0.306642,1.32793e-06,0.999993509715548,1.00729553734216,411.715617039138,4.89848961033113e-13,8.25992e-06
15,0.643975,0.086439,-0.557536,6.81891e-08,0.99999967212213,1.00347120494025,593.917181655903,2.00878334644486e-15,4.24145e-07
16,0.302543,0.11555,-0.186993,0.00703737,0.983838767120953,1.00313437462357,618.1613950217,8.68615775085209e-06,0.0440836
17,0.294176,0.267418,-0.0267585,0.314963,0.539195027056599,1.01228812372479,295.078758081814,0.00971016445573604,2.85987
18,0.426608,0.000347958,-0.42626,1.19852e-15,0.999999999999944,1.00217128806474,700.025751989331,1.00418769042553e-30,7.45498e-15
19,0.377498,0.000358182,-0.37714,1.545e-14,0.999999999999266,1.00229228486062,688.555121875485,1.72308499318969e-28,9.61011e-14
20,0.289016,0.152341,-0.136675,0.0305994,0.940890488100877,0.998618084392207,1377.76632554806,0.00015560071831195,0.19634
21,0.334457,0.108371,-0.226086,0.00144158,0.996413836584899,1.00044519635626,919.041582748623,3.50944264750978e-07,0.00897977
22,0.348362,0.025018,-0.323344,7.75148e-08,0.999999527080081,1.00566086744794,473.618144114681,1.74107230130874e-15,4.82152e-07
23,0.381225,0.000254167,-0.380971,1.66402e-13,0.999999999986638,1.00308027098367,622.243760682682,2.32553268111192e-26,1.03504e-12
24,0.401504,0.0734374,-0.328067,8.97684e-05,0.999677271649587,1.00004224046778,991.706278355063,2.58252736940724e-09,0.000558422
25,0.2657,0.0476782,-0.218022,0.000219479,0.9991822221214,1.00126076319617,800.53807904258,1.30540857919299e-08,0.00136549
26,0.850929,0.0715046,-0.779424,7.91189e-06,0.999964868409546,1.00339405450513,599.298741427473,1.97634555832078e-11,4.92134e-05
27,0.506983,0.000341916,-0.506641,4.59398e-17,0.999999999999999,1.00125552714734,801.200530279001,1.44216531114593e-33,2.85752e-16
28,0.314479,0.185743,-0.128736,0.0464556,0.914340404720678,1.00153877189986,766.885848208591,0.000340984573377323,0.303038
29,0.414591,0.0305465,-0.384045,3.04177e-09,0.999999984684384,1.00851441374172,375.295823400475,2.23410331219502e-18,1.89202e-08
30,0.386273,0.00220411,-0.384069,1.49755e-11,0.999999999890762,1.01181626927252,303.140835220319,6.0131955095913e-23,9.31498e-11
31,0.3753,0.0768413,-0.298459,2.03352e-06,0.999989570933593,1.00623749999917,449.72822050935,1.12920518102757e-12,1.26488e-05
32,0.279174,0.0821852,-0.196989,0.00291406,0.991556425787908,1.00130968309337,794.401878244683,2.59806729602041e-06,0.0181788
33,0.42156,0.0237393,-0.397821,7.07421e-11,0.999999999008608,1.01205814204559,298.952531445995,2.57665039061113e-21,4.40026e-10
34,1.2269,0.0249071,-1.202,6.06445e-06,0.999966807416703,1.00704234533271,420.204813597171,1.48968886480435e-11,3.77219e-05
35,0.823878,0.0235444,-0.800334,4.74288e-17,0.999999999999999,1.00562797971623,475.058737459297,2.5881626071068e-33,2.95014e-16
36,0.362631,0.0423759,-0.320255,7.54917e-05,0.999733531746978,1.00389952720044,565.73454095826,1.61166660312728e-09,0.000469604
37,0.280254,0.0239111,-0.256343,4.84797e-08,0.999999413251186,1.00172437232927,745.965466479094,1.47805191682116e-15,3.01551e-07
38,0.40142,0.0397035,-0.361717,7.4143e-09,0.999999962947051,1.00797389102855,390.602863471768,1.45100269366661e-17,4.61179e-08
39,0.265649,0.0413063,-0.224342,0.0021937,0.994050067016225,1.00680768941924,428.397248662118,1.2745330737576e-06,0.0136751
40,0.343021,0.0240026,-0.319018,3.71041e-08,0.999999553563671,1.00480388741366,514.308214360628,7.88213159621675e-16,2.30793e-07
41,0.374186,0.0235276,-0.350658,7.87473e-11,0.99999999895008,1.01243388982781,292.676381230282,2.83365505596118e-21,4.89819e-10
42,0.528968,0.0411746,-0.487793,3.00696e-07,0.999998122827251,1.00405622008905,556.089601039438,3.53637044089666e-14,1.87037e-06
43,0.255165,0.0286054,-0.226559,0.000115418,0.999125183175466,1.00746956455865,406.080427901629,8.27010819659911e-09,0.000717999
44,0.383861,0.0794963,-0.304365,2.02227e-07,0.999998678779157,1.0064860040973,440.171509345448,1.21336887673934e-14,1.25788e-06
45,0.23519,0.124884,-0.110306,0.0427942,0.912227860610958,1.00974403284027,344.651523922278,0.000370126283230835,0.278086
46,0.377052,0.100136,-0.276916,0.000152968,0.99955988638356,1.00687138146797,426.141606313803,4.98112981407081e-09,0.000951628
47,0.302059,0.243,-0.0590589,0.183132,0.700025405214518,1.0084845925789,376.108372158301,0.00450862513812886,1.39448
48,0.367998,0.271937,-0.0960606,0.307344,0.57298746954819,1.01078658133125,322.406189398133,0.00769360825487649,2.75999
49,0.255459,0.0936304,-0.161829,0.00667226,0.983718920392005,1.00228655412294,689.089822672351,8.15437889174264e-06,0.0417811
50,0.259043,0.0948006,-0.164242,0.00932292,0.978682888484202,1.00252883902131,667.192776108974,1.51707662400823e-05,0.0585356
51,0.298636,0.0247955,-0.27384,0.000104582,0.999257626876869,1.00877292475709,368.399404900928,5.13565624134962e-09,0.000650581
52,0.398462,0.108852,-0.289609,1.62816e-05,0.999936666165763,1.00342953693129,596.811480051142,9.27390862501723e-11,0.000101275
53,0.281696,0.126449,-0.155248,0.0161583,0.965526354855671,1.00172768953001,745.602040577385,4.29800432636831e-05,0.102157
54,0.943052,0.0323542,-0.910698,1.28207e-10,0.9999999988801,1.0069406068757,423.71726349358,7.65336257692712e-21,7.97467e-10
55,0.390902,0.239158,-0.151744,0.0233532,0.933562643005712,1.01150845521481,308.64834500239,0.00021229927545182,0.148733
56,0.853958,0.0326192,-0.821339,1.06616e-12,0.999999999989864,1.00944788332397,351.555633762103,6.90982909217404e-25,6.63168e-12
57,0.389656,0.000817456,-0.388838,7.12547e-07,0.99996986881357,1.00637665363818,444.325413236259,6.61144910077891e-13,4.43214e-06
58,0.368318,0.0828598,-0.285458,5.36554e-06,0.999973425369708,1.00360651664591,584.711300678528,7.53762338346187e-12,3.33746e-05
59,0.314951,0.12593,-0.189021,0.00491685,0.988279061248774,0.997737923981237,1816.25128779533,4.725267883645e-06,0.0307346
60,0.364729,0.00264606,-0.362083,3.51927e-09,0.999999971202108,1.0031245789647,618.896497302385,5.07947751477381e-18,2.18903e-08
61,0.382212,0.00232798,-0.379884,4.44487e-11,0.999999999682595,1.01095425135226,319.09972421627,5.30266407679363e-22,2.76477e-10
62,0.259118,0.0782547,-0.180863,0.000839013,0.996516513855562,1.00263680174875,657.882175022797,3.0398112694502e-07,0.00522316
63,0.337094,0.214755,-0.122339,0.0535018,0.895873672163384,1.00490595300359,509.093203556211,0.000583664447696622,0.3516
64,4.35743,0.303117,-4.05431,0.0111186,0.971808696061171,1.01383994254327,271.410784759846,5.53460954982945e-05,0.0699367
65,0.355295,0.00318942,-0.352105,5.49763e-08,0.99999962851565,1.00267230125903,654.877883950701,1.230001254735e-15,3.4196e-07
66,0.157496,0.00323584,-0.15426,9.5132e-05,0.998938621454577,1.00349176119447,592.49977274483,6.17369729855194e-09,0.00059179
67,1.55827,0.00209237,-1.55617,3.29412e-09,0.999999971026363,1.00284187457763,640.901743017127,4.98751179326859e-18,2.04899e-08
68,2.60013,0.00204857,-2.59808,7.46418e-12,0.999999999929708,1.00168687262501,750.098890364223,2.87366256105392e-23,4.64282e-11
69,0.386127,0.0247726,-0.361354,5.96701e-11,0.999999998959259,1.01216102333953,297.206789842005,2.06231248861145e-21,3.71156e-10
70,0.378695,0.0742679,-0.304427,4.67118e-07,0.999997594292548,1.00826571889533,382.183810583176,5.69898161873755e-14,2.90554e-06
71,0.324603,0.081597,-0.243006,0.000261301,0.999023649890654,1.0004830686084,912.759936382651,2.08110749143941e-08,0.00162575
72,0.294911,0.025656,-0.269255,1.14725e-06,0.999993270588429,1.001473027446,774.583580217244,5.06177230757466e-13,7.13604e-06
73,0.31643,0.0669879,-0.249442,1.32655e-05,0.999914384875358,1.00198762298401,718.195204199744,8.65780079149607e-11,8.25142e-05
74,0.471799,0.116008,-0.355791,0.000119615,0.999634233926103,0.999572468571379,1092.54457899274,3.46000619740952e-09,0.000744109
75,0.453652,0.0345027,-0.419149,1.45251e-09,0.999999992819103,1.00644510923738,441.715703601502,5.34104216670976e-19,9.03478e-09
76,0.283977,0.106736,-0.177242,0.0255811,0.953182544399234,1.0075679614993,402.963226713114,0.000100606976303154,0.163295
77,0.328403,0.0929861,-0.235417,0.000800472,0.997920949124519,0.999762878781074,1049.28128553449,1.03336611429857e-07,0.00498303
78,0.27514,0.0345297,-0.24061,0.00110685,0.995544904100363,1.0074696259198,406.078468674294,5.39331150675096e-07,0.0068924
79,0.486668,0.0231766,-0.463491,7.5192e-14,0.999999999998487,1.01405820590503,268.390885365321,2.70143686938309e-27,4.67704e-13
80,0.382803,0.0255502,-0.357252,8.36006e-10,0.999999994589842,1.01295542049472,284.400253202113,1.93838196738858e-19,5.20007e-09
81,0.380139,0.0810005,-0.299139,4.89176e-06,0.999982310476418,1.01096004962413,318.986623743343,5.51776339842661e-12,3.04276e-05
82,0.398854,0.0309678,-0.367887,8.63726e-12,0.999999999818246,1.01235563296025,293.961122150684,3.85340485017045e-23,5.37249e-11
83,0.358179,0.000942261,-0.357237,1.26817e-10,0.999999997208983,1.00413295383156,551.486953581797,1.0301585091288e-20,7.8882e-10
84,0.379408,0.0267592,-0.352649,3.0153e-09,0.999999983966597,1.00687710581661,425.940063182536,2.30646996706602e-18,1.87556e-08
85,0.390585,0.03135,-0.359235,5.26449e-09,0.999999976167214,1.0078243851882,395.064306466888,6.97778882862841e-18,3.27458e-08
86,0.769957,0.00262107,-0.767336,3.99065e-14,0.9999999999997,1.00191808764657,725.32544687481,6.00451784719964e-28,2.48224e-13
87,0.550375,0.0242818,-0.526094,2.11487e-13,0.999999999998076,1.00871545062744,369.910214382949,1.48059865215612e-26,1.31548e-12
88,0.309103,0.0690682,-0.240034,0.000255105,0.999141366898738,1.00114009538083,816.091079596884,1.40715970757017e-08,0.00158719
89,0.390875,0.000366462,-0.390509,1.55646e-13,0.99999999999219,1.00435206181245,538.759607114416,1.76149713630218e-26,9.68138e-13
90,1.76858,0.0260555,-1.74252,1.06631e-13,0.999999999998376,1.0052529634307,492.138462649389,7.05505732974208e-27,6.63259e-13
91,0.300781,0.0231694,-0.277612,1.94356e-07,0.999992564439516,1.00624633313833,449.381293446385,2.782395055537e-14,1.20892e-06
92,0.429856,0.000375769,-0.42948,4.53364e-16,0.999999999999981,1.00176113503535,741.957704639441,1.37347548951399e-31,2.81999e-15
93,0.391472,0.0241938,-0.367278,1.88867e-11,0.999999999646378,1.01202643287272,299.494839062099,2.08146733924674e-22,1.17478e-10
94,0.379724,0.0235518,-0.356172,6.29907e-11,0.999999998689449,1.00665385471306,433.946861880745,2.52434334067709e-21,3.91811e-10
95,0.164556,0.000489456,-0.164067,2.46441e-08,0.999998170628875,1.00035505599702,934.349201731538,5.50327943778357e-16,1.53289e-07
96,0.472917,0.000209779,-0.472707,9.62582e-22,1.0,1.00762150722811,401.287307052734,5.81505496522752e-43,5.98739e-21
97,0.448511,0.00238722,-0.446123,1.16132e-07,0.999998886994391,1.00479730977984,514.648018757208,6.34445632975445e-15,7.22355e-07
98,0.378139,0.00247369,-0.375665,2.25813e-10,0.999999998373612,1.00940855262184,352.49387865384,1.439709641504e-20,1.40459e-09
99,0.246048,0.00034003,-0.245708,3.53372e-08,0.999995603653152,1.00559184640103,476.651800310469,1.79315473086545e-15,2.19802e-07
100,0.214799,0.108927,-0.105873,0.135095,0.80110987504047,1.01136975828533,311.19759839607,0.0020671440508265,0.971562
101,0.478062,0.000776644,-0.477285,4.06373e-15,0.999999999999912,1.00508369238465,500.263352546467,8.6261823041794e-30,2.52769e-14
102,0.449179,0.000722325,-0.448457,6.83263e-11,0.999999998183426,1.00345673598442,594.918981003767,3.07325430894006e-21,4.24999e-10
103,0.376455,0.025981,-0.350474,3.35216e-11,0.999999999016353,1.00669372200781,432.494640062316,8.01744863713687e-22,2.08509e-10
104,0.340083,0.09079,-0.249293,0.000175896,0.999442824128997,1.0008161654899,861.027461785713,5.85398965662081e-09,0.00109429
105,0.405714,7.03761e-05,-0.405644,2.62343e-20,1.0,1.00438064906824,537.142845413965,5.97182646646123e-40,1.63181e-19
106,0.337732,0.117291,-0.220441,0.0022743,0.994407433059905,0.998863259437995,1291.08722242543,9.30183581628327e-07,0.0141787
107,0.731263,0.000389587,-0.730873,3.01948e-19,1.0,1.0023097596763,686.929818803428,9.4568747956182e-38,1.87816e-18
108,0.401727,0.032682,-0.369045,8.79166e-10,0.99999999468851,1.00891434798508,364.734939279716,1.99391791013855e-19,5.46853e-09
109,0.401559,0.00202227,-0.399536,2.59109e-11,0.999999999756311,1.00601096388867,458.815545903511,2.62907985925869e-22,1.61169e-10
110,0.293048,0.123443,-0.169605,0.00849835,0.980416397905862,0.999482335803718,1114.30192056708,1.29567909982763e-05,0.0533139
111,0.339739,0.0233394,-0.3164,6.82528e-11,0.999999996480053,1.00682232924248,427.876633008142,3.83866682104649e-21,4.24542e-10
112,0.385974,0.0230359,-0.362938,9.73132e-13,0.999999999966062,1.00655167434919,437.714645126193,6.44245129872543e-25,6.05301e-12
113,0.378661,0.0819295,-0.296731,3.46273e-07,0.999997720527901,1.00458581364034,525.822276029865,3.57083630483399e-14,2.15387e-06
114,0.354711,0.0529512,-0.30176,2.25065e-06,0.999986980770604,1.00319769696264,613.451773727597,1.97470755198368e-12,1.39994e-05
115,0.864711,0.146432,-0.718279,2.0999e-06,0.999990823628405,1.00372530948945,576.864310560325,2.64943103633738e-12,1.30617e-05
116,0.389888,0.00246393,-0.387424,9.7622e-13,0.999999999992988,1.01087236422855,320.705823328537,2.81762677884052e-25,6.07222e-12
117,0.811109,0.15976,-0.651349,0.000322447,0.999063074228216,1.00026495115942,950.173393911636,3.06392449199582e-08,0.00200631
118,0.257705,0.187787,-0.0699174,0.16471,0.752559335397842,1.00188391505421,728.882242971861,0.00231012899430495,1.22654
119,0.311326,0.0247418,-0.286585,6.54044e-05,0.999541017009634,1.00857833648902,373.566109777734,1.95670211205114e-09,0.000406851
120,0.319524,0.0247606,-0.294764,2.59767e-06,0.99998284063322,1.00616946079997,452.418874139255,2.96215075930786e-12,1.61579e-05
121,0.347866,0.0231001,-0.324766,4.31532e-09,0.999999841692909,1.00510103191399,499.418564134512,1.42288996039697e-17,2.68419e-08
122,0.24975,0.0251687,-0.224581,5.96666e-05,0.999417512067162,1.00697898920417,422.385138734154,2.37669663466625e-09,0.000371157
123,0.298067,0.181676,-0.116391,0.0730139,0.876175320659501,1.00221348968041,695.981366001494,0.000643444882182855,0.489928
124,0.103556,0.0266616,-0.0768945,0.0182775,0.881965704207627,1.01129854638267,312.523320285155,0.000428104742590317,0.115805
125,0.200207,0.0298637,-0.170343,0.000305427,0.998660040670655,1.00698317660019,422.240323708454,4.18546361144705e-08,0.00190038
126,0.260973,0.0230543,-0.237918,1.2189e-09,0.999999868776099,1.00516977643277,496.097621433613,1.5107388592024e-18,7.58174e-09
127,0.576672,0.023322,-0.55335,6.39556e-13,0.999999999988546,1.01069987961318,324.143635096887,2.09239651168637e-25,3.97813e-12
128,1.74254,0.0258576,-1.71668,1.50969e-10,0.999999998613565,1.00365932134693,581.196686128082,1.16480331895733e-20,9.39051e-10
129,0.431241,0.00121193,-0.430029,2.04378e-15,0.999999999999979,1.0111106761114,316.077026292879,1.2564659771919e-30,1.27126e-14
130,0.250567,0.000505798,-0.250061,2.45018e-08,0.999998096409399,1.00403867637933,557.152869810655,6.06134590258959e-16,1.52404e-07
131,0.850468,0.0241253,-0.826342,3.38808e-09,0.999999944935973,1.00315236758581,616.815732497873,8.56364195902468e-18,2.10743e-08
132,0.379604,0.0244173,-0.355187,3.38098e-10,0.999999997506024,1.01293257904927,284.752648590209,3.43432760649338e-20,2.10302e-09
133,0.522349,0.000218732,-0.52213,1.57031e-20,1.0,1.00443080509414,534.329908147083,1.72109855564691e-40,9.76754e-20
134,0.519363,0.000343422,-0.51902,1.47839e-16,0.999999999999994,1.00122054487112,805.654954204537,1.54693617884864e-32,9.19579e-16
135,0.222588,0.0898973,-0.132691,0.0103654,0.970598879333816,1.00315802327935,616.393977238265,4.0022246535044e-05,0.0651497
136,0.553921,0.0956013,-0.458319,7.24881e-07,0.999996785762471,0.999525797792364,1103.7026482123,1.51901441735782e-13,4.50886e-06
137,0.364943,0.0027665,-0.362176,1.25805e-09,0.999999991113915,1.00639983905791,443.438017042017,4.84326146152977e-19,7.82522e-09
138,0.244848,0.0835764,-0.161271,0.00761318,0.979508796910202,1.00214734737342,702.341300027182,1.83991412049883e-05,0.0477183
139,0.536967,0.000343285,-0.536624,5.36232e-17,0.999999999999998,1.00112997972749,817.422657094242,2.02193204950107e-33,3.33543e-16
140,0.33082,0.0240316,-0.306789,9.6086e-09,0.999999832479686,1.00410444426454,553.187970441316,6.1894261564923e-17,5.97668e-08
141,0.404249,0.0232267,-0.381022,3.43941e-12,0.999999999941581,1.01420392198151,266.412943647938,5.69905138963776e-24,2.13936e-11
142,0.380956,0.0499789,-0.330977,2.05136e-07,0.999998609039552,1.00569835549388,471.986831214384,1.61124079441044e-14,1.27598e-06
143,0.32771,0.127153,-0.200556,0.00795814,0.983603144687049,0.998514629247134,1417.95698373946,9.27822527748155e-06,0.0498978
144,0.381543,0.0231853,-0.358358,4.91116e-12,0.999999999906912,1.01224142394064,295.857005154518,1.31507709701857e-23,3.05481e-11
145,0.293336,0.000253596,-0.293082,5.1684e-07,0.999916245932821,1.00695839869639,423.098705585626,5.07394901714487e-13,3.21482e-06
146,0.39968,0.000321275,-0.399359,9.79608e-19,1.0,1.0098036661065,343.294683694871,5.74195612123148e-37,6.09329e-18
147,0.365288,0.0948901,-0.270397,5.93128e-05,0.999794985710793,1.00220712696711,696.588108781726,7.1183594608196e-10,0.000368956
148,0.392117,0.00110768,-0.391009,2.76817e-12,0.999999999956257,1.00360970588342,584.497807531811,4.0401193998402e-24,1.72184e-11
149,0.378213,0.0326726,-0.34554,1.41412e-07,0.999999385226769,1.00866748206571,371.180872631147,4.36752126482708e-15,8.79601e-07
150,0.292493,0.056723,-0.23577,0.000145368,0.999453725385656,1.00104821494522,828.34896122208,5.20055925855838e-09,0.000904338
151,0.37187,0.0233183,-0.348551,7.17176e-07,0.999985781890681,1.00608149188356,455.94658251164,3.40570233768068e-13,4.46093e-06
152,0.365086,0.00192529,-0.363161,2.84897e-09,0.999999969967069,1.00265087579296,656.687771483724,4.04801564528062e-18,1.7721e-08
153,0.813941,0.000454012,-0.813487,1.19007e-22,1.0,1.00001733954761,996.578604998814,1.55048480710327e-44,7.40237e-22
154,0.317619,0.112398,-0.205221,0.00200095,0.994760561649874,0.999211754313615,1185.19554527043,7.55212129222579e-07,0.0124711
155,0.32494,0.0229594,-0.301981,1.67536e-09,0.999999678116184,1.00635524572089,445.147991782608,2.6614372758415e-18,1.0421e-08
156,0.37592,0.00223497,-0.373685,7.46145e-11,0.999999999388687,1.00892037736458,364.580363422364,1.66720723232353e-21,4.64112e-10
157,0.412201,0.0230299,-0.389171,7.28665e-16,0.99999999999997,1.01580026886274,246.55808716295,3.34712264507343e-31,4.53239e-15
158,0.367841,0.0555473,-0.312293,1.32663e-08,0.999999845534082,1.00555360795314,478.34954190275,9.82863962446725e-17,8.25182e-08
159,0.0783477,0.00292131,-0.0754264,0.00187461,0.969795534757097,1.00682919801734,427.632812011663,7.44564617549492e-06,0.0116822
160,0.388248,0.00105931,-0.387189,3.60687e-14,0.999999999999429,1.01095719341495,319.042326390662,5.13056608056039e-28,2.24352e-13
161,0.173495,0.000484096,-0.173011,8.74805e-07,0.999921468915997,1.00526484271737,491.578315932959,1.26342734981659e-12,5.44141e-06
162,0.265744,0.00011761,-0.265626,5.56838e-13,0.999999999838164,0.999939299922957,1012.16594071428,3.52651836656716e-25,3.46361e-12
163,0.395971,0.000792705,-0.395178,3.01852e-13,0.999999999993489,1.00256658675599,663.907289471918,5.31765905183279e-26,1.87756e-12
164,0.578763,0.000609723,-0.578154,1.32344e-16,0.999999999999998,1.00378193638595,573.198371909812,9.47279239028315e-33,8.23198e-16
165,0.151562,0.0233294,-0.128233,0.000402299,0.982352408214612,1.00989253391111,341.292814447433,2.7798135226869e-07,0.00250336
166,0.388641,7.37582e-05,-0.388568,2.55842e-17,0.999999999999994,1.00342454880842,597.159875695359,5.852620954224e-34,1.59137e-16
167,0.389503,0.000482466,-0.389021,7.266e-16,0.999999999999973,1.00485283387607,511.793843327612,3.400541797917e-31,4.51955e-15
168,0.146846,0.00117283,-0.145673,9.93345e-06,0.999640318721663,1.00438902349295,536.671089095004,1.30842040184088e-10,6.1788e-05
169,0.380539,0.00149596,-0.379043,1.97432e-11,0.999999999813131,1.00725317275399,413.111630517241,1.57179487162459e-22,1.22805e-10
170,0.371163,0.00121612,-0.369947,2.86999e-12,0.999999999956457,1.00562968769376,474.983703094418,4.00508250506206e-24,1.78517e-11
171,0.354769,0.000830819,-0.353938,9.73638e-10,0.999999973715993,1.00384547270377,569.140926956213,6.54422053897344e-19,6.05616e-09
172,0.402049,0.0230221,-0.379027,4.84367e-15,0.999999999999819,1.01410678786046,267.72808610079,1.48485282909006e-29,3.01283e-14
173,0.387744,0.000747865,-0.386996,2.02528e-14,0.999999999999574,1.00696175854609,422.982101983132,2.06264893350354e-28,1.25975e-13
174,0.388414,0.0836423,-0.304772,8.5454e-08,0.999999425733071,1.00393639509859,563.434819305697,2.1728930648991e-15,5.31535e-07
175,0.135242,0.100155,-0.035087,0.279356,0.594203256659555,1.00535244694641,487.487142453379,0.00784128065469765,2.41123
176,0.144058,0.0235383,-0.12052,0.000711769,0.97855091706412,1.01005645190894,337.662282058222,8.59921795226395e-07,0.00443045
177,0.334438,0.0753453,-0.259093,5.29167e-06,0.999958814198436,1.00303239961916,625.901659390384,1.55167180940344e-11,3.29151e-05
178,0.294473,0.133342,-0.161131,0.0212371,0.957848410938076,1.00290024974174,636.22909589154,7.48350168153908e-05,0.134964
179,0.363873,0.00222957,-0.361644,4.68988e-10,0.999999996430233,1.00543618693619,483.640563057648,7.75259711445535e-20,2.91717e-09
180,0.351607,0.066869,-0.284738,1.23002e-05,0.999938134021817,1.0020428514598,712.632151367878,5.79669585885637e-11,7.65097e-05
181,0.234368,0.0719952,-0.162373,0.00152493,0.99401067756946,1.00279489706417,644.712805791035,1.01320863447167e-06,0.00949977
182,0.317674,0.0483735,-0.269301,2.51344e-05,0.99985933639866,1.00085874762944,854.837293136973,2.89864089017159e-10,0.000156343
183,0.414425,0.173782,-0.240643,0.00934977,0.978924341970601,1.00042466164319,922.484141505633,1.92395925592689e-05,0.0587057
184,0.370933,0.0483105,-0.322623,1.89609e-08,0.999999796438392,1.0051478042532,497.154177487819,1.82305798235425e-16,1.1794e-07
185,0.390425,0.145463,-0.244963,0.00519853,0.988289639004213,0.997490951644826,1994.68440562976,5.41933218616436e-06,0.0325045
186,0.688539,0.0917089,-0.59683,1.36755e-07,0.999999360793941,0.999981148158359,1003.74675597804,6.69848401313852e-15,8.50635e-07
187,0.352956,0.100784,-0.252172,6.66789e-05,0.999728773343675,1.0029879642611,629.336184177925,1.17651221818929e-09,0.000414779
188,0.360978,0.11527,-0.245708,0.000478187,0.998634208281888,1.00263885759349,657.707430282935,5.55249597303544e-08,0.00297581
189,0.297535,0.0423628,-0.255172,9.22606e-05,0.999579900758534,1.00203084996715,713.833618192974,3.35668720696454e-09,0.000573926
190,0.294187,0.233118,-0.0610696,0.215892,0.68160898421389,1.00644150503074,441.85232757446,0.00404833794135551,1.71262
191,0.321421,0.0989061,-0.222515,0.0016347,0.995940623191905,0.999515327864028,1106.23739229922,4.10909464354888e-07,0.0101847
192,0.141092,0.0263807,-0.114711,0.00463538,0.966049461291462,1.00994016606136,340.229630412566,2.28243351611982e-05,0.0289669
193,0.595175,0.101896,-0.493279,6.81495e-06,0.999975695468551,0.998324072384803,1498.50837636561,1.29222070337273e-11,4.23902e-05
194,0.328783,0.255362,-0.0734208,0.140765,0.744692817962004,1.01394744254771,269.914721067736,0.00385279533634837,1.01902
195,0.383762,0.0234098,-0.360352,1.93392e-11,0.99999999982082,1.02034677875353,203.70915276935,1.26659019699937e-22,1.20292e-10
196,0.304165,0.0287511,-0.275414,2.30725e-06,0.999987840858933,1.00039897910683,926.826483276308,1.62191781885211e-12,1.43514e-05
197,0.392251,0.109705,-0.282546,0.000479875,0.998682284762493,1.00013349896073,974.25292873761,4.73867322928451e-08,0.00298632
198,0.382844,0.0406673,-0.342177,1.78613e-07,0.999999203539098,1.00792067522911,392.179066498627,6.81977884736542e-15,1.11099e-06
199,0.470345,0.0245704,-0.445775,1.45463e-11,0.999999999893579,1.01354281908966,275.635990949135,6.19344616688519e-23,9.048e-11
200,0.238235,0.023576,-0.214659,2.04337e-07,0.999994725176489,1.00854431552491,374.484667358238,3.31165052952609e-14,1.271e-06
201,0.478507,0.109302,-0.369204,2.82551e-05,0.999899799728071,1.00481933480775,513.511980718943,2.59790717385517e-10,0.000175755
202,0.371712,0.00256954,-0.369143,5.08799e-10,0.99999999635357,1.00782572242055,395.023941200347,7.62732074079614e-20,3.1648e-09
203,5.619,0.000219873,-5.61878,3.5913e-16,0.999999999999965,1.00037956001938,930.137279258973,1.51925311906453e-31,2.23383e-15
204,0.375233,0.0445101,-0.330722,4.59737e-07,0.999998151219781,1.00621077404641,450.781224832089,4.42125413089538e-14,2.85963e-06
205,0.429279,6.99736e-05,-0.429209,4.967e-19,1.0,1.00348574455234,592.913926575297,2.08009543235209e-37,3.08954e-18
206,0.378887,0.00022464,-0.378662,2.48433e-15,0.999999999999807,1.00464696325683,522.541189655499,4.81242111019949e-30,1.54529e-14
207,0.30951,0.0231702,-0.28634,1.73417e-10,0.999999988281205,1.00832918327813,380.401661892515,2.53116959204036e-20,1.07868e-09
208,0.387091,0.00044453,-0.386646,1.1485e-13,0.999999999995054,1.00418514376526,548.400374539116,9.38658922463008e-27,7.14383e-13
209,0.38616,0.00062571,-0.385534,7.7321e-13,0.999999999979708,1.00264367990409,657.297906962446,3.76816583286838e-25,4.80947e-12
210,0.375544,0.00242954,-0.373115,7.44164e-09,0.999999938100655,1.00315287911447,616.777562852737,2.44257494630082e-17,4.6288e-08
211,0.0258486,0.0275556,0.001707,0.515606,0.26682673245854,1.01069439299891,324.254228611492,0.0568560844879686,6.62093
212,0.386088,0.000801757,-0.385286,6.93916e-13,0.999999999983857,1.00222380682568,694.999799814753,2.95130745045174e-25,4.31625e-12
213,0.410318,0.000202155,-0.410116,3.79551e-22,1.0,1.01105837550894,317.081116660554,7.92348160322805e-44,2.36086e-21
214,0.389108,0.000403276,-0.388705,6.49136e-15,0.999999999999732,1.00203079098037,713.839533458145,2.90869963651729e-29,4.03771e-14
215,0.146231,0.0276009,-0.11863,0.00592222,0.963737671514455,1.00952599942865,349.70720678316,3.51001453528564e-05,0.0370565
216,0.470549,0.00151118,-0.469037,1.74293e-14,0.999999999999862,1.00913391844569,359.19076362716,8.27614965104768e-29,1.08413e-13
217,0.322434,0.00307383,-0.31936,1.09184e-08,0.999999916826887,1.00250387332689,669.383870154885,5.0085437961622e-17,6.79137e-08
218,0.406928,0.0487694,-0.358158,2.42227e-09,0.999999980226068,1.01081785571632,321.784142084961,1.90586304477164e-18,1.50669e-08
219,0.375106,0.0813167,-0.293789,6.66181e-06,0.999969208173643,1.00384696158073,569.046544766949,1.0953688739539e-11,4.14376e-05
220,0.876108,0.00168171,-0.874427,4.86395e-18,1.0,1.00190917630607,726.249583499729,2.51790075095078e-35,3.02544e-17
221,0.384917,0.000823706,-0.384093,8.62847e-12,0.99999999979558,1.00361183953388,584.355065385675,4.70534211378924e-23,5.36702e-11
222,0.218191,0.0257789,-0.192412,1.89897e-05,0.999886873160612,1.00427773892898,543.009524604255,1.87434343388859e-10,0.000118121
223,0.295097,0.034699,-0.260398,0.00902743,0.974917834668129,1.00739410802041,408.504378863369,2.7561348152283e-05,0.0566634
224,0.308814,0.000252802,-0.308561,1.00687e-07,0.999983920934697,1.00699607765581,421.794794308,1.82496165578449e-14,6.26286e-07
225,0.260467,0.00111546,-0.259351,1.06882e-07,0.999996730006551,1.00250721366293,669.089865168948,8.29939505099007e-15,6.64823e-07
